{
  "n_samples": 218,
  "mae": 3.975045680999756,
  "rmse": 5.755749225616455,
  "mape_pct": 1.7088850736618042,
  "directional_accuracy": 0.573394495412844,
  "naive_mae": 2.7868802547454834,
  "naive_rmse": 4.311491012573242,
  "skill_vs_naive_rmse": -0.33497882955836933
}