{"mean": 205.47372436523438, "std": 25.42789649963379}