{
  "AAPL": {
    "n_steps": 250,
    "mae": 3.0216410160064697,
    "rmse": 4.4191999435424805,
    "mape_pct": 1.352676510810852,
    "directional_accuracy": 0.492,
    "naive_flat_mae": 28.430953979492188,
    "naive_flat_rmse": 32.77085876464844,
    "skill_vs_naive_rmse": 0.8651484852661324,
    "mode": "nonblind",
    "partial_interval": null
  },
  "NVDA": {
    "n_steps": 250,
    "mae": 3.155555248260498,
    "rmse": 4.286996841430664,
    "mape_pct": 2.1766281127929688,
    "directional_accuracy": 0.44,
    "naive_flat_mae": 29.16773796081543,
    "naive_flat_rmse": 33.95110321044922,
    "skill_vs_naive_rmse": 0.8737302639370127,
    "mode": "nonblind",
    "partial_interval": null
  }
}