{
  "AAPL": {
    "n_steps": 250,
    "mae": 24.295682907104492,
    "rmse": 27.842161178588867,
    "mape_pct": 10.875097274780273,
    "directional_accuracy": 0.34,
    "naive_flat_mae": 28.430953979492188,
    "naive_flat_rmse": 32.77085876464844,
    "skill_vs_naive_rmse": 0.1503987924593665,
    "mode": "blind",
    "partial_interval": null
  },
  "NVDA": {
    "n_steps": 250,
    "mae": 29.45713233947754,
    "rmse": 34.367637634277344,
    "mape_pct": 18.48557472229004,
    "directional_accuracy": 0.276,
    "naive_flat_mae": 29.16773796081543,
    "naive_flat_rmse": 33.95110321044922,
    "skill_vs_naive_rmse": -0.012268656521886578,
    "mode": "blind",
    "partial_interval": null
  }
}