{
  "AAPL": {
    "n_steps": 250,
    "mae": 28.061344146728516,
    "rmse": 32.670711517333984,
    "mape_pct": 12.171320915222168,
    "directional_accuracy": 0.5,
    "naive_flat_mae": 28.430953979492188,
    "naive_flat_rmse": 32.77085876464844,
    "skill_vs_naive_rmse": 0.0030559848319412497,
    "mode": "partial",
    "partial_interval": 126
  },
  "NVDA": {
    "n_steps": 250,
    "mae": 29.65069580078125,
    "rmse": 35.1763916015625,
    "mape_pct": 18.55207633972168,
    "directional_accuracy": 0.46,
    "naive_flat_mae": 29.16773796081543,
    "naive_flat_rmse": 33.95110321044922,
    "skill_vs_naive_rmse": -0.036089796066955726,
    "mode": "partial",
    "partial_interval": 126
  }
}