{
  "AAPL": {
    "n_steps": 250,
    "mae": 36.38968276977539,
    "rmse": 43.01980209350586,
    "mape_pct": 17.028501510620117,
    "directional_accuracy": 0.336,
    "naive_flat_mae": 28.457151412963867,
    "naive_flat_rmse": 32.801063537597656,
    "skill_vs_naive_rmse": -0.31153680563421826,
    "blind": true
  },
  "NVDA": {
    "n_steps": 250,
    "mae": 45.451072692871094,
    "rmse": 56.03156661987305,
    "mape_pct": 26.656198501586914,
    "directional_accuracy": 0.472,
    "naive_flat_mae": 29.16773796081543,
    "naive_flat_rmse": 33.95110321044922,
    "skill_vs_naive_rmse": -0.6503607047039364,
    "blind": true
  }
}