{
  "AAPL": {
    "n_samples": 218,
    "mae": 3.62286376953125,
    "rmse": 5.211592674255371,
    "mape_pct": 1.5633035898208618,
    "directional_accuracy": 0.5137614678899083,
    "naive_mae": 2.7868802547454834,
    "naive_rmse": 4.311491012573242,
    "skill_vs_naive_rmse": -0.20876807096599226
  },
  "NVDA": {
    "n_samples": 218,
    "mae": 5.845332622528076,
    "rmse": 8.43306827545166,
    "mape_pct": 3.520728588104248,
    "directional_accuracy": 0.5275229357798165,
    "naive_mae": 2.998051643371582,
    "naive_rmse": 3.9667601585388184,
    "skill_vs_naive_rmse": -1.1259334919200246
  }
}