{
  "AAPL": {
    "mean": 205.47372436523438,
    "std": 25.42789649963379
  },
  "NVDA": {
    "mean": 107.6687240600586,
    "std": 26.899839401245117
  }
}