{
  "AAPL": {
    "mean": 175.93089294433594,
    "std": 29.360090255737305
  },
  "NVDA": {
    "mean": 54.272666931152344,
    "std": 42.063209533691406
  }
}